Time,TemperatureC,DewpointC,PressurehPa,WindDirection,WindDirectionDegrees,WindSpeedKMH,WindSpeedGustKMH,Humidity,HourlyPrecipMM,Conditions,Clouds,dailyrainMM,SoftwareType,DateUTC
                
2019-01-18 00:00:00,-1.53703703704,-3.53703703704,1017.09884035,  ,  ,0.0,0.0,86.0,0.0,  ,  ,0.0,  ,  
2019-01-18 00:05:00,-1.72777777778,-3.65555555556,1017.10621355,  ,  ,0.0,0.0,86.8,0.0,  ,  ,0.0,  ,  
2019-01-18 00:10:00,-2.01111111111,-3.79444444444,1017.11718743,  ,  ,0.0,0.0,87.5,0.0,  ,  ,0.0,  ,  
2019-01-18 00:15:00,-2.24074074074,-3.93827160494,1017.12609666,  ,  ,0.0,0.0,88.0,0.0,  ,  ,0.0,  ,  
2019-01-18 00:20:00,-2.44444444444,-4.08888888889,1017.1340135,  ,  ,0.0,0.0,88.7,0.0,  ,  ,0.0,  ,  
2019-01-18 00:25:00,-2.66666666667,-4.24444444444,1017.07423083,  ,  ,0.0,0.0,89.0,0.0,  ,  ,0.0,  ,  
2019-01-18 00:30:00,-2.67283950617,-4.03703703704,1017.14290455,  ,  ,0.0,0.0,90.2222222222,0.0,  ,  ,0.0,  ,  
2019-01-18 00:35:00,-2.34444444444,-3.82777777778,1017.13012592,  ,  ,0.0,0.0,89.6,0.0,  ,  ,0.0,  ,  
2019-01-18 00:40:00,-2.22777777778,-3.8,1017.12559291,  ,  ,0.0,0.0,88.9,0.0,  ,  ,0.0,  ,  
2019-01-18 00:45:00,-2.17777777778,-3.78888888889,1017.1236521,  ,  ,0.0,0.0,88.5,0.0,  ,  ,0.0,  ,  
2019-01-18 00:50:00,-2.07407407407,-3.75925925926,1017.08161077,  ,  ,0.0,0.0,88.0,0.0,  ,  ,0.0,  ,  
2019-01-18 00:55:00,-2.0,-3.72222222222,1016.97989283,  ,  ,0.0,0.0,88.0,0.0,  ,  ,0.0,  ,  
2019-01-18 01:00:00,-2.07777777778,-3.75555555556,1017.01712454,  ,  ,0.0,0.0,88.1,0.0,  ,  ,0.0,  ,  
2019-01-18 01:05:00,-2.11111111111,-3.72222222222,1016.89295917,  ,  ,0.0,0.0,89.0,0.0,  ,  ,0.0,  ,  
2019-01-18 01:10:00,-1.94444444444,-3.71111111111,1016.97774221,  ,  ,0.251057664,1.80246528,87.8,0.0,  ,  ,0.0,  ,  
2019-01-18 01:15:00,-1.82222222222,-3.74444444444,1017.00722265,  ,  ,0.0,0.0,87.0,0.0,  ,  ,0.0,  ,  
2019-01-18 01:20:00,-2.02469135802,-3.7962962963,1016.92762634,  ,  ,0.0,0.0,87.5555555556,0.0,  ,  ,0.0,  ,  
2019-01-18 01:25:00,-2.08888888889,-3.71666666667,1016.84647643,  ,  ,0.0,0.0,88.7,0.0,  ,  ,0.0,  ,  
2019-01-18 01:30:00,-1.95555555556,-3.6,1016.84130856,  ,  ,0.0,0.0,88.7,0.0,  ,  ,0.0,  ,  
2019-01-18 01:35:00,-1.82716049383,-3.54938271605,1016.69187147,  ,  ,0.0,0.0,88.0,0.0,  ,  ,0.0,  ,  
2019-01-18 01:40:00,-1.81111111111,-3.53333333333,1016.6988537,  ,  ,0.0,0.0,88.0,0.0,  ,  ,0.0,  ,  
2019-01-18 01:45:00,-1.66666666667,-3.48888888889,1016.79591303,  ,  ,0.0,0.0,87.3,0.0,  ,  ,0.0,  ,  
2019-01-18 01:50:00,-1.72222222222,-3.56172839506,1016.68781135,  ,  ,0.0,0.0,87.2222222222,0.0,  ,  ,0.0,  ,  
2019-01-18 01:55:00,-1.73333333333,-3.41111111111,1016.76427513,  ,  ,0.0,0.0,88.0,0.0,  ,  ,0.0,  ,  
2019-01-18 02:00:00,-1.87777777778,-3.6,1016.76986475,  ,  ,0.0,0.0,88.0,0.0,  ,  ,0.0,  ,  
2019-01-18 02:05:00,-1.79012345679,-3.51234567901,1016.91854042,  ,  ,0.0,0.0,88.0,0.0,  ,  ,0.0,  ,  
2019-01-18 02:10:00,-1.77777777778,-3.5,1016.86864039,  ,  ,0.0,0.0,88.0,0.0,  ,  ,0.0,  ,  
2019-01-18 02:15:00,-1.94444444444,-3.66666666667,1016.80666256,  ,  ,0.0,0.0,88.0,0.0,  ,  ,0.0,  ,  
2019-01-18 02:20:00,-1.95061728395,-3.56172839506,1016.46854724,  ,  ,0.0,0.0,89.0,0.0,  ,  ,0.0,  ,  
2019-01-18 02:25:00,-1.95555555556,-3.56666666667,1016.56758393,  ,  ,0.0,0.0,89.0,0.0,  ,  ,0.0,  ,  
2019-01-18 02:30:00,-2.22777777778,-3.77222222222,1016.61235406,  ,  ,0.0,0.0,89.3,0.0,  ,  ,0.0,  ,  
2019-01-18 02:35:00,-2.24074074074,-3.66666666667,1016.78393663,  ,  ,0.0,0.0,89.8888888889,0.0,  ,  ,0.0,  ,  
2019-01-18 02:40:00,-2.22222222222,-3.77777777778,1016.78321765,  ,  ,0.0,0.0,89.0,0.0,  ,  ,0.0,  ,  
2019-01-18 02:45:00,-2.07777777778,-3.73333333333,1016.70918295,  ,  ,0.0,0.0,88.5,0.0,  ,  ,0.0,  ,  
2019-01-18 02:50:00,-1.98765432099,-3.70987654321,1016.66006861,  ,  ,0.0,0.0,88.0,0.0,  ,  ,0.0,  ,  
2019-01-18 02:55:00,-2.03333333333,-3.73333333333,1016.53638161,  ,  ,0.0,0.0,88.0,0.0,  ,  ,0.0,  ,  
2019-01-18 03:00:00,-2.01111111111,-3.70555555556,1016.46708976,  ,  ,0.0,0.0,88.1,0.0,  ,  ,0.0,  ,  
2019-01-18 03:05:00,-1.9012345679,-3.79012345679,1016.42861773,  ,  ,0.0,0.0,87.0,0.0,  ,  ,0.0,  ,  
2019-01-18 03:10:00,-2.08888888889,-3.77777777778,1016.36745631,  ,  ,0.0,0.0,88.0,0.0,  ,  ,0.0,  ,  
2019-01-18 03:15:00,-2.27222222222,-3.9,1016.27191862,  ,  ,0.0,0.0,88.8,0.0,  ,  ,0.0,  ,  
2019-01-18 03:20:00,-2.38888888889,-3.82222222222,1016.37909707,  ,  ,0.0,0.0,89.8,0.0,  ,  ,0.0,  ,  
2019-01-18 03:25:00,-2.32098765432,-3.82716049383,1016.21678544,  ,  ,0.23961344,3.60493056,89.4444444444,0.0,  ,  ,0.0,  ,  
2019-01-18 03:30:00,-2.25555555556,-3.84444444444,1016.1344079,  ,  ,0.0,0.0,89.0,0.0,  ,  ,0.0,  ,  
2019-01-18 03:35:00,-2.27777777778,-3.88888888889,1016.30635027,  ,  ,0.0,0.0,89.0,0.0,  ,  ,0.0,  ,  
2019-01-18 03:40:00,-2.3024691358,-3.85185185185,1016.29210172,  ,  ,0.0,0.0,89.3333333333,0.0,  ,  ,0.0,  ,  
2019-01-18 03:45:00,-2.15555555556,-3.74444444444,1016.26739288,  ,  ,0.0,0.0,89.0,0.0,  ,  ,0.0,  ,  
2019-01-18 03:50:00,-2.1,-3.71111111111,1016.09415993,  ,  ,0.0,0.0,89.0,0.0,  ,  ,0.0,  ,  
2019-01-18 03:55:00,-2.08641975309,-3.72222222222,1016.16966876,  ,  ,0.0,0.0,88.7777777778,0.0,  ,  ,0.0,  ,  
2019-01-18 04:00:00,-1.9,-3.62222222222,1016.08641463,  ,  ,0.035405568,1.80246528,88.0,0.0,  ,  ,0.0,  ,  
2019-01-18 04:05:00,-1.84444444444,-3.56666666667,1016.11848098,  ,  ,0.0,0.0,88.0,0.0,  ,  ,0.0,  ,  
2019-01-18 04:10:00,-1.77777777778,-3.5,1016.08168689,  ,  ,0.0,0.0,88.0,0.0,  ,  ,0.0,  ,  
2019-01-18 04:15:00,-1.77777777778,-3.5,1016.08168689,  ,  ,0.0,0.0,88.0,0.0,  ,  ,0.0,  ,  
2019-01-18 04:20:00,-1.77222222222,-3.48888888889,1016.08147214,  ,  ,0.107826048,1.80246528,88.0,0.0,  ,  ,0.0,  ,  
2019-01-18 04:25:00,-1.6975308642,-3.58641975309,1015.81246689,  ,  ,0.0,0.0,87.0,0.0,  ,  ,0.0,  ,  
2019-01-18 04:30:00,-1.72777777778,-3.53333333333,1015.8060317,  ,  ,0.0,0.0,87.4,0.0,  ,  ,0.0,  ,  
2019-01-18 04:35:00,-1.85555555556,-3.57777777778,1015.98204968,  ,  ,0.0,0.0,88.0,0.0,  ,  ,0.0,  ,  
2019-01-18 04:40:00,-2.12345679012,-3.75925925926,1016.01903445,  ,  ,0.0,0.0,88.4444444444,0.0,  ,  ,0.0,  ,  
2019-01-18 04:45:00,-2.26666666667,-3.8,1016.032191,  ,  ,0.0,0.0,89.4,0.0,  ,  ,0.0,  ,  
2019-01-18 04:50:00,-2.12222222222,-3.71111111111,1015.88972641,  ,  ,0.0,0.0,89.1,0.0,  ,  ,0.0,  ,  
2019-01-18 04:55:00,-2.17283950617,-3.63580246914,1015.75482504,  ,  ,0.0,0.0,89.6666666667,0.0,  ,  ,0.0,  ,  
2019-01-18 05:00:00,-2.26111111111,-3.68888888889,1015.58716739,  ,  ,0.0,0.0,90.0,0.0,  ,  ,0.0,  ,  
2019-01-18 05:05:00,-2.42222222222,-3.81666666667,1015.76450127,  ,  ,0.0,0.0,90.0,0.0,  ,  ,0.0,  ,  
2019-01-18 05:10:00,-2.57407407407,-3.93827160494,1015.80841956,  ,  ,0.0,0.0,90.2222222222,0.0,  ,  ,0.0,  ,  
2019-01-18 05:15:00,-2.61111111111,-3.88888888889,1015.80605749,  ,  ,0.0,0.0,91.0,0.0,  ,  ,0.0,  ,  
2019-01-18 05:20:00,-2.61111111111,-3.88888888889,1015.66919166,  ,  ,0.0,0.0,91.0,0.0,  ,  ,0.0,  ,  
2019-01-18 05:25:00,-2.68518518519,-3.96296296296,1015.584631,  ,  ,0.0,0.0,91.0,0.0,  ,  ,0.0,  ,  
2019-01-18 05:30:00,-2.77222222222,-3.98888888889,1015.57281036,  ,  ,0.0,0.0,91.5,0.0,  ,  ,0.0,  ,  
2019-01-18 05:35:00,-2.77777777778,-3.88888888889,1015.53880989,  ,  ,0.0,0.0,92.0,0.0,  ,  ,0.0,  ,  
2019-01-18 05:40:00,-2.9012345679,-4.01234567901,1015.44096814,  ,  ,0.0,0.0,92.0,0.0,  ,  ,0.0,  ,  
2019-01-18 05:45:00,-2.98888888889,-4.05555555556,1015.44438388,  ,  ,0.0,0.0,92.4,0.0,  ,  ,0.0,  ,  
2019-01-18 05:50:00,-2.76111111111,-3.76111111111,1015.50394487,  ,  ,0.0,0.0,93.0,0.0,  ,  ,0.0,  ,  
2019-01-18 05:55:00,-2.86666666667,-3.86666666667,1015.43962125,  ,  ,0.0,0.0,93.0,0.0,  ,  ,0.0,  ,  
2019-01-18 06:00:00,-2.97530864198,-3.97530864198,1015.44385462,  ,  ,0.0,0.0,93.0,0.0,  ,  ,0.0,  ,  
2019-01-18 06:05:00,-3.03333333333,-4.03333333333,1015.44611708,  ,  ,0.0,0.0,93.0,0.0,  ,  ,0.0,  ,  
2019-01-18 06:10:00,-3.11111111111,-4.11111111111,1015.38071658,  ,  ,0.0,0.0,93.0,0.0,  ,  ,0.0,  ,  
2019-01-18 06:15:00,-3.11111111111,-4.11111111111,1015.4491508,  ,  ,0.0,0.0,93.0,0.0,  ,  ,0.0,  ,  
2019-01-18 06:20:00,-3.2,-4.2,1015.45262079,  ,  ,0.0,0.0,93.0,0.0,  ,  ,0.0,  ,  
2019-01-18 06:25:00,-3.26111111111,-4.26111111111,1015.11283423,  ,  ,0.0,0.0,93.0,0.0,  ,  ,0.0,  ,  
2019-01-18 06:30:00,-3.22222222222,-4.22222222222,1015.2633924,  ,  ,0.0,0.0,93.0,0.0,  ,  ,0.0,  ,  
2019-01-18 06:35:00,-3.22777777778,-4.22777777778,1015.24840166,  ,  ,0.0,0.0,93.0,0.0,  ,  ,0.0,  ,  
2019-01-18 06:40:00,-3.22777777778,-4.13888888889,1015.31683657,  ,  ,0.0,0.0,93.4,0.0,  ,  ,0.0,  ,  
2019-01-18 06:45:00,-2.82716049383,-3.76543209877,1015.17195306,  ,  ,0.0,0.0,93.3333333333,0.0,  ,  ,0.0,  ,  
2019-01-18 06:50:00,-2.95555555556,-3.95555555556,1015.03248311,  ,  ,0.0,0.0,93.0,0.0,  ,  ,0.0,  ,  
2019-01-18 06:55:00,-3.2,-4.2,1015.11044848,  ,  ,0.0,0.0,93.0,0.0,  ,  ,0.0,  ,  
2019-01-18 07:00:00,-3.22222222222,-4.22222222222,1015.11131568,  ,  ,0.0,0.0,93.0,0.0,  ,  ,0.0,  ,  
2019-01-18 07:05:00,-3.23333333333,-4.23333333333,1015.11174955,  ,  ,0.0,0.0,93.0,0.0,  ,  ,0.0,  ,  
2019-01-18 07:10:00,-3.28888888889,-4.28888888889,1015.11391918,  ,  ,0.0,0.0,93.0,0.0,  ,  ,0.0,  ,  
2019-01-18 07:15:00,-3.33950617284,-4.33950617284,1015.15391619,  ,  ,0.0,0.0,93.0,0.0,  ,  ,0.0,  ,  
2019-01-18 07:20:00,-3.27777777778,-4.17777777778,1015.21613704,  ,  ,0.0,0.0,93.6,0.0,  ,  ,0.0,  ,  
2019-01-18 07:25:00,-3.06111111111,-3.93888888889,1015.17347731,  ,  ,0.252667008,1.80246528,93.6,0.0,  ,  ,0.0,  ,  
2019-01-18 07:30:00,-1.98765432099,-3.74691358025,1014.98731546,  ,  ,0.15914624,1.80246528,87.7777777778,0.0,  ,  ,0.0,  ,  
2019-01-18 07:35:00,-1.11111111111,-3.56111111111,1015.02954544,  ,  ,0.791797248,7.19376768,83.4,0.0,  ,  ,0.0,  ,  
2019-01-18 07:40:00,-0.827777777778,-3.47777777778,1014.88180629,  ,  ,0.827202816,7.19376768,82.3,0.0,  ,  ,0.0,  ,  
2019-01-18 07:45:00,-0.685185185185,-3.42592592593,1014.82311901,  ,  ,0.87977472,5.40739584,81.6666666667,0.0,  ,  ,0.0,  ,  
2019-01-18 07:50:00,-0.366666666667,-3.35555555556,1014.86415438,  ,  ,1.691420544,5.40739584,80.1,0.0,  ,  ,0.0,  ,  
2019-01-18 07:55:00,-0.244444444444,-3.39444444444,1014.72263021,  ,  ,0.935028864,3.60493056,79.2,0.0,  ,  ,0.0,  ,  
2019-01-18 08:00:00,-0.185185185185,-3.37654320988,1014.68995669,  ,  ,1.75954944,7.19376768,78.8888888889,0.0,  ,  ,0.0,  ,  
2019-01-18 08:05:00,0.0,-3.23888888889,1014.679093,  ,  ,1.186086528,5.40739584,78.9,0.0,  ,  ,0.0,  ,  
2019-01-18 08:10:00,0.0777777777778,-3.29444444444,1014.77876896,  ,  ,1.00584,5.40739584,78.1,0.0,  ,  ,0.0,  ,  
2019-01-18 08:15:00,0.135802469136,-3.26543209877,1014.71573649,  ,  ,3.23835776,8.99623296,78.0,0.0,  ,  ,0.0,  ,  
2019-01-18 08:20:00,0.222222222222,-3.22222222222,1014.73905694,  ,  ,2.15652096,5.40739584,78.0,0.0,  ,  ,0.0,  ,  
2019-01-18 08:25:00,0.222222222222,-3.22222222222,1014.67063137,  ,  ,2.7358848,11.15275392,78.0,0.0,  ,  ,0.0,  ,  
2019-01-18 08:30:00,0.222222222222,-3.17777777778,1014.70484416,  ,  ,2.629668096,7.19376768,78.2,0.0,  ,  ,0.0,  ,  
2019-01-18 08:35:00,0.20987654321,-3.03703703704,1014.63688847,  ,  ,1.79888896,5.40739584,78.8888888889,0.0,  ,  ,0.0,  ,  
2019-01-18 08:40:00,0.211111111111,-3.01111111111,1014.73947984,  ,  ,3.313639296,7.19376768,79.0,0.0,  ,  ,0.0,  ,  
2019-01-18 08:45:00,0.222222222222,-3.0,1014.70484416,  ,  ,1.836261504,5.40739584,79.0,0.0,  ,  ,0.0,  ,  
2019-01-18 08:50:00,0.271604938272,-2.97530864198,1014.78659671,  ,  ,2.39792256,5.40739584,78.6666666667,0.0,  ,  ,0.0,  ,  
2019-01-18 08:55:00,0.277777777778,-2.93333333333,1014.63430541,  ,  ,2.0519136,5.40739584,78.8,0.0,  ,  ,0.0,  ,  
2019-01-18 09:00:00,0.322222222222,-2.84444444444,1014.76946648,  ,  ,1.401738624,5.40739584,79.0,0.0,  ,  ,0.0,  ,  
2019-01-18 09:05:00,0.388888888889,-2.85185185185,1014.74412355,  ,  ,3.08099968,7.19376768,78.6666666667,0.0,  ,  ,0.0,  ,  
2019-01-18 09:10:00,0.422222222222,-2.76111111111,1014.66302813,  ,  ,1.977883776,5.40739584,79.0,0.0,  ,  ,0.0,  ,  
2019-01-18 09:15:00,0.522222222222,-2.71666666667,1014.76186768,  ,  ,1.728435456,7.19376768,78.9,0.0,  ,  ,0.0,  ,  
2019-01-18 09:20:00,0.66049382716,-2.66666666667,1014.77182628,  ,  ,3.00232064,7.19376768,78.4444444444,0.0,  ,  ,0.0,  ,  
2019-01-18 09:25:00,0.744444444444,-2.67777777778,1014.7534373,  ,  ,2.447812224,7.19376768,78.0,0.0,  ,  ,0.0,  ,  
2019-01-18 09:30:00,0.844444444444,-2.54444444444,1014.61280064,  ,  ,3.24282816,7.19376768,78.0,0.0,  ,  ,0.0,  ,  
2019-01-18 09:35:00,0.888888888889,-2.5,1014.61111732,  ,  ,2.39792256,7.19376768,78.0,0.0,  ,  ,0.0,  ,  
2019-01-18 09:40:00,0.955555555556,-2.43333333333,1014.47174683,  ,  ,2.660245632,8.99623296,78.0,0.0,  ,  ,0.0,  ,  
2019-01-18 09:45:00,1.08888888889,-2.3,1014.60355133,  ,  ,1.76223168,7.19376768,78.0,0.0,  ,  ,0.0,  ,  
2019-01-18 09:50:00,1.16049382716,-2.25308641975,1014.67687083,  ,  ,3.397504,7.19376768,78.0,0.0,  ,  ,0.0,  ,  
2019-01-18 09:55:00,1.23333333333,-2.2,1014.52967048,  ,  ,3.778739712,8.99623296,78.0,0.0,  ,  ,0.0,  ,  
2019-01-18 10:00:00,1.27777777778,-2.11111111111,1014.3911467,  ,  ,2.159739648,5.40739584,78.0,0.0,  ,  ,0.0,  ,  
2019-01-18 10:05:00,1.38888888889,-2.0,1014.51619733,  ,  ,2.43905024,8.99623296,78.0,0.0,  ,  ,0.0,  ,  
2019-01-18 10:10:00,1.44444444444,-1.94444444444,1014.45328251,  ,  ,2.267565696,8.99623296,78.0,0.0,  ,  ,0.0,  ,  
2019-01-18 10:15:00,1.64444444444,-1.76666666667,1014.37732663,  ,  ,1.726826112,11.15275392,78.0,0.0,  ,  ,0.0,  ,  
2019-01-18 10:20:00,1.74691358025,-1.67283950617,1014.31265098,  ,  ,1.7166336,11.15275392,78.0,0.0,  ,  ,0.0,  ,  
2019-01-18 10:25:00,1.86666666667,-1.52222222222,1014.23212521,  ,  ,0.682361856,7.19376768,78.0,0.0,  ,  ,0.0,  ,  
2019-01-18 10:30:00,2.0,-1.38888888889,1014.32974876,  ,  ,3.490667136,12.9552192,78.0,0.0,  ,  ,0.0,  ,  
2019-01-18 10:35:00,2.04938271605,-1.33950617284,1014.22526414,  ,  ,2.8789376,8.99623296,78.0,0.0,  ,  ,0.0,  ,  
2019-01-18 10:40:00,2.16666666667,-1.25,1014.28928529,  ,  ,2.409187968,8.99623296,78.0,0.0,  ,  ,0.0,  ,  
2019-01-18 10:45:00,2.25555555556,-1.15555555556,1014.21753277,  ,  ,1.97949312,5.40739584,78.0,0.0,  ,  ,0.0,  ,  
2019-01-18 10:50:00,2.38888888889,-1.0,1014.2125395,  ,  ,1.63795456,5.40739584,78.0,0.0,  ,  ,0.0,  ,  
2019-01-18 10:55:00,2.53333333333,-0.944444444444,1014.2071353,  ,  ,2.51862336,7.19376768,77.6,0.0,  ,  ,0.0,  ,  
2019-01-18 11:00:00,2.61111111111,-0.777777777778,1014.17001761,  ,  ,1.511174016,7.19376768,78.0,0.0,  ,  ,0.0,  ,  
2019-01-18 11:05:00,2.71111111111,-0.9,1014.06365317,  ,  ,2.879116416,12.9552192,77.0,0.0,  ,  ,0.0,  ,  
2019-01-18 11:10:00,2.72222222222,-0.888888888889,1013.93400179,  ,  ,3.15789056,11.15275392,77.0,0.0,  ,  ,0.0,  ,  
2019-01-18 11:15:00,2.76666666667,-0.788888888889,1013.85632168,  ,  ,2.700479232,8.99623296,77.2,0.0,  ,  ,0.0,  ,  
2019-01-18 11:20:00,2.77777777778,-0.777777777778,1013.85590698,  ,  ,3.382841088,8.99623296,77.0,0.0,  ,  ,0.0,  ,  
2019-01-18 11:25:00,2.85185185185,-0.740740740741,1013.73911272,  ,  ,3.6389056,14.75768448,77.0,0.0,  ,  ,0.0,  ,  
2019-01-18 11:30:00,2.94444444444,-0.666666666667,1013.64443609,  ,  ,1.726826112,7.19376768,77.0,0.0,  ,  ,0.0,  ,  
2019-01-18 11:35:00,3.03333333333,-0.577777777778,1013.50428806,  ,  ,2.050304256,7.19376768,77.0,0.0,  ,  ,0.0,  ,  
2019-01-18 11:40:00,3.18518518519,-0.549382716049,1013.49863733,  ,  ,1.47880832,8.99623296,76.4444444444,0.0,  ,  ,0.0,  ,  
2019-01-18 11:45:00,3.24444444444,-0.544444444444,1013.46222461,  ,  ,2.232160128,7.19376768,76.1,0.0,  ,  ,0.0,  ,  
2019-01-18 11:50:00,3.27777777778,-0.5,1013.42677663,  ,  ,3.204203904,8.99623296,76.0,0.0,  ,  ,0.0,  ,  
2019-01-18 11:55:00,3.35185185185,-0.425925925926,1013.37841324,  ,  ,3.08099968,7.19376768,76.0,0.0,  ,  ,0.0,  ,  
2019-01-18 12:00:00,3.43333333333,-0.411111111111,1013.45520787,  ,  ,2.267565696,8.99623296,75.7,0.0,  ,  ,0.0,  ,  
2019-01-18 12:05:00,3.57777777778,-0.322222222222,1013.21038861,  ,  ,1.511174016,7.19376768,75.5,0.0,  ,  ,0.0,  ,  
2019-01-18 12:10:00,3.68518518519,-0.33950617284,1013.17600054,  ,  ,2.23877632,8.99623296,74.8888888889,0.0,  ,  ,0.0,  ,  
2019-01-18 12:15:00,3.73888888889,-0.355555555556,1013.17021031,  ,  ,3.49227648,12.9552192,74.5,0.0,  ,  ,0.0,  ,  
2019-01-18 12:20:00,3.85555555556,-0.311111111111,1013.1316839,  ,  ,1.656014976,8.99623296,74.0,0.0,  ,  ,0.0,  ,  
2019-01-18 12:25:00,4.0,-0.259259259259,1013.01231544,  ,  ,1.91690752,7.19376768,73.7777777778,0.0,  ,  ,0.0,  ,  
2019-01-18 12:30:00,4.0,-0.272222222222,1012.85267808,  ,  ,1.583594496,5.40739584,73.7,0.0,  ,  ,0.0,  ,  
2019-01-18 12:35:00,4.0,-0.255555555556,1012.92109409,  ,  ,2.121115392,5.40739584,73.8,0.0,  ,  ,0.0,  ,  
2019-01-18 12:40:00,4.0,-0.259259259259,1012.86027986,  ,  ,2.27811584,8.99623296,73.7777777778,0.0,  ,  ,0.0,  ,  
2019-01-18 12:45:00,4.0,-0.222222222222,1012.75005407,  ,  ,0.898013952,5.40739584,74.0,0.0,  ,  ,0.0,  ,  
2019-01-18 12:50:00,4.0,-0.222222222222,1012.71584606,  ,  ,1.797637248,7.19376768,74.0,0.0,  ,  ,0.0,  ,  
2019-01-18 12:55:00,4.06172839506,-0.179012345679,1012.62994672,  ,  ,1.877568,7.19376768,73.8888888889,0.0,  ,  ,0.0,  ,  
2019-01-18 13:00:00,4.15555555556,-0.183333333333,1012.6758949,  ,  ,2.159739648,8.99623296,73.4,0.0,  ,  ,0.0,  ,  
2019-01-18 13:05:00,4.25555555556,-0.155555555556,1012.36433666,  ,  ,2.557247616,7.19376768,73.0,0.0,  ,  ,0.0,  ,  
2019-01-18 13:10:00,4.35185185185,-0.0123456790123,1012.42920338,  ,  ,2.51772928,11.15275392,73.1111111111,0.0,  ,  ,0.0,  ,  
2019-01-18 13:15:00,4.38888888889,0.0,1012.29100865,  ,  ,2.661854976,8.99623296,73.0,0.0,  ,  ,0.0,  ,  
2019-01-18 13:20:00,4.38888888889,0.0,1012.22259361,  ,  ,2.190317184,8.99623296,73.0,0.0,  ,  ,0.0,  ,  
2019-01-18 13:25:00,4.38888888889,0.0,1012.08576352,  ,  ,1.95982336,16.56014976,73.0,0.0,  ,  ,0.0,  ,  
2019-01-18 13:30:00,4.5,0.111111111111,1012.150089,  ,  ,3.096377856,12.9552192,73.0,0.0,  ,  ,0.0,  ,  
2019-01-18 13:35:00,4.58888888889,0.2,1012.11261282,  ,  ,2.265956352,7.19376768,73.0,0.0,  ,  ,0.0,  ,  
2019-01-18 13:40:00,4.65555555556,0.261111111111,1012.07595516,  ,  ,3.851160192,12.9552192,73.1,0.0,  ,  ,0.0,  ,  
2019-01-18 13:45:00,4.72222222222,0.302469135802,1012.07350553,  ,  ,2.99874432,11.15275392,73.1111111111,0.0,  ,  ,0.0,  ,  
2019-01-18 13:50:00,4.72222222222,0.322222222222,1012.00509132,  ,  ,2.44620288,8.99623296,73.2,0.0,  ,  ,0.0,  ,  
2019-01-18 13:55:00,4.77222222222,0.422222222222,1011.93484127,  ,  ,2.195145216,8.99623296,73.2,0.0,  ,  ,0.0,  ,  
2019-01-18 14:00:00,4.77777777778,0.611111111111,1011.84341849,  ,  ,1.36078976,7.19376768,74.0,0.0,  ,  ,0.0,  ,  
2019-01-18 14:05:00,4.76666666667,0.588888888889,1011.90083817,  ,  ,2.233769472,7.19376768,74.0,0.0,  ,  ,0.0,  ,  
2019-01-18 14:10:00,4.77777777778,0.611111111111,1011.79780911,  ,  ,2.013289344,7.19376768,74.0,0.0,  ,  ,0.0,  ,  
2019-01-18 14:15:00,4.77777777778,0.611111111111,1011.61537157,  ,  ,0.63837312,3.60493056,74.0,0.0,  ,  ,0.0,  ,  
2019-01-18 14:20:00,4.83333333333,0.444444444444,1011.69314979,  ,  ,2.306189952,8.99623296,73.0,0.0,  ,  ,0.0,  ,  
2019-01-18 14:25:00,4.95061728395,0.462962962963,1011.64704073,  ,  ,2.63932416,8.99623296,72.5555555556,0.0,  ,  ,0.0,  ,  
2019-01-18 14:30:00,5.0,0.433333333333,1011.48179814,  ,  ,2.339986176,7.19376768,72.2,0.0,  ,  ,0.0,  ,  
2019-01-18 14:35:00,5.02222222222,0.411111111111,1011.37836416,  ,  ,2.30136192,8.99623296,72.0,0.0,  ,  ,0.0,  ,  
2019-01-18 14:40:00,5.06172839506,0.450617283951,1011.37691758,  ,  ,1.91869568,11.15275392,72.0,0.0,  ,  ,0.0,  ,  
2019-01-18 14:45:00,5.08888888889,0.388888888889,1011.17068304,  ,  ,3.706319232,11.15275392,71.6,0.0,  ,  ,0.0,  ,  
2019-01-18 14:50:00,5.14444444444,0.138888888889,1011.10023721,  ,  ,2.88072576,8.99623296,70.0,0.0,  ,  ,0.0,  ,  
2019-01-18 14:55:00,5.22222222222,-0.0740740740741,1011.02897926,  ,  ,4.23972736,11.15275392,68.6666666667,0.0,  ,  ,0.0,  ,  
2019-01-18 15:00:00,5.22222222222,-0.222222222222,1011.02897926,  ,  ,4.068421632,11.15275392,68.0,0.0,  ,  ,0.0,  ,  
2019-01-18 15:05:00,5.22222222222,-0.216666666667,1011.02897926,  ,  ,3.490667136,12.9552192,68.0,0.0,  ,  ,0.0,  ,  
2019-01-18 15:10:00,5.22222222222,-0.37037037037,1011.10499368,  ,  ,4.59914752,12.9552192,67.1111111111,0.0,  ,  ,0.0,  ,  
2019-01-18 15:15:00,5.22222222222,-0.388888888889,1011.02897926,  ,  ,4.250277504,12.9552192,67.0,0.0,  ,  ,0.0,  ,  
2019-01-18 15:20:00,5.22222222222,-0.455555555556,1011.09739224,  ,  ,2.230550784,7.19376768,66.7,0.0,  ,  ,0.0,  ,  
2019-01-18 15:25:00,5.22222222222,-0.566666666667,1010.96056629,  ,  ,4.03140672,11.15275392,66.2,0.0,  ,  ,0.0,  ,  
2019-01-18 15:30:00,5.22222222222,-0.586419753086,1010.95296485,  ,  ,4.76187008,11.15275392,66.1111111111,0.0,  ,  ,0.0,  ,  
2019-01-18 15:35:00,5.22222222222,-0.5,1010.78953386,  ,  ,3.167188992,11.15275392,66.5,0.0,  ,  ,0.0,  ,  
2019-01-18 15:40:00,5.14444444444,-0.466666666667,1010.8949976,  ,  ,3.996001152,11.15275392,67.0,0.0,  ,  ,0.0,  ,  
2019-01-18 15:45:00,5.03703703704,-0.425925925926,1010.7697021,  ,  ,2.43905024,7.19376768,67.6666666667,0.0,  ,  ,0.0,  ,  
2019-01-18 15:50:00,4.88888888889,-0.477777777778,1010.87014665,  ,  ,2.195145216,8.99623296,68.1,0.0,  ,  ,0.0,  ,  
2019-01-18 15:55:00,4.77777777778,-0.388888888889,1010.70318392,  ,  ,1.873276416,8.99623296,69.0,0.0,  ,  ,0.0,  ,  
2019-01-18 16:00:00,4.73456790123,-0.475308641975,1010.78078418,  ,  ,3.4779712,11.15275392,69.0,0.0,  ,  ,0.0,  ,  
2019-01-18 16:05:00,4.72222222222,-0.611111111111,1010.70522129,  ,  ,2.877507072,7.19376768,68.5,0.0,  ,  ,0.0,  ,  
2019-01-18 16:10:00,4.7,-0.844444444444,1010.70603673,  ,  ,3.382841088,12.9552192,67.4,0.0,  ,  ,0.0,  ,  
2019-01-18 16:15:00,4.67283950617,-1.03703703704,1010.70703337,  ,  ,3.68182144,11.15275392,66.5555555556,0.0,  ,  ,0.0,  ,  
2019-01-18 16:20:00,4.72222222222,-1.02222222222,1010.70522129,  ,  ,5.183697024,14.75768448,66.4,0.0,  ,  ,0.0,  ,  
2019-01-18 16:25:00,4.68888888889,-0.966666666667,1010.70644444,  ,  ,3.276624384,8.99623296,66.8,0.0,  ,  ,0.0,  ,  
2019-01-18 16:30:00,4.57407407407,-0.987654320988,1010.71065864,  ,  ,2.75913088,7.19376768,67.2222222222,0.0,  ,  ,0.0,  ,  
2019-01-18 16:35:00,4.5,-1.04444444444,1010.85020848,  ,  ,2.410797312,5.40739584,67.3,0.0,  ,  ,0.0,  ,  
2019-01-18 16:40:00,4.5,-1.0,1010.71337895,  ,  ,2.555638272,11.15275392,67.5,0.0,  ,  ,0.0,  ,  
2019-01-18 16:45:00,4.46296296296,-0.925925925926,1010.67673185,  ,  ,1.75776128,7.19376768,68.0,0.0,  ,  ,0.0,  ,  
2019-01-18 16:50:00,4.43055555556,-0.986111111111,1010.7159313,  ,  ,2.06599536,7.19376768,67.875,0.0,  ,  ,0.0,  ,  
2019-01-18 16:55:00,4.38888888889,-0.955555555556,1010.64904767,  ,  ,2.159739648,7.19376768,68.2,0.0,  ,  ,0.0,  ,  
2019-01-18 17:00:00,4.3024691358,-0.864197530864,1010.64462481,  ,  ,3.15967872,12.9552192,69.0,0.0,  ,  ,0.0,  ,  
2019-01-18 17:05:00,4.27777777778,-0.888888888889,1010.5163038,  ,  ,3.20259456,8.99623296,69.0,0.0,  ,  ,0.0,  ,  
2019-01-18 17:10:00,4.27777777778,-0.755555555556,1010.58471912,  ,  ,2.013289344,8.99623296,69.8,0.0,  ,  ,0.0,  ,  
2019-01-18 17:15:00,4.27777777778,-0.722222222222,1010.45549019,  ,  ,2.7984704,11.15275392,70.0,0.0,  ,  ,0.0,  ,  
2019-01-18 17:20:00,4.23888888889,-0.727777777778,1010.44931947,  ,  ,3.526072704,14.75768448,70.2,0.0,  ,  ,0.0,  ,  
2019-01-18 17:25:00,4.17777777778,-0.655555555556,1010.4515692,  ,  ,2.951536896,11.15275392,71.0,0.0,  ,  ,0.0,  ,  
2019-01-18 17:30:00,4.11111111111,-0.759259259259,1010.38560783,  ,  ,5.16241792,14.75768448,70.7777777778,0.0,  ,  ,0.0,  ,  
2019-01-18 17:35:00,4.11111111111,-0.722222222222,1010.38560783,  ,  ,5.330147328,14.75768448,71.0,0.0,  ,  ,0.0,  ,  
2019-01-18 17:40:00,4.11111111111,-0.722222222222,1010.24877636,  ,  ,2.949927552,7.19376768,71.0,0.0,  ,  ,0.0,  ,  
2019-01-18 17:45:00,4.01234567901,-0.771604938272,1010.31322906,  ,  ,2.637536,7.19376768,71.0,0.0,  ,  ,0.0,  ,  
2019-01-18 17:50:00,4.02222222222,-0.766666666667,1010.14942719,  ,  ,4.644566784,11.15275392,71.0,0.0,  ,  ,0.0,  ,  
2019-01-18 17:55:00,4.0,-0.777777777778,1010.2528697,  ,  ,2.805086592,8.99623296,71.0,0.0,  ,  ,0.0,  ,  
2019-01-18 18:00:00,4.0,-0.777777777778,1010.04762167,  ,  ,2.76807168,12.9552192,71.0,0.0,  ,  ,0.0,  ,  
2019-01-18 18:05:00,4.02469135802,-0.746913580247,1010.19874765,  ,  ,3.79984,8.99623296,71.1111111111,0.0,  ,  ,0.0,  ,  
2019-01-18 18:10:00,4.1,-0.727777777778,1010.11235415,  ,  ,4.139232768,11.15275392,71.0,0.0,  ,  ,0.0,  ,  
2019-01-18 18:15:00,4.03333333333,-0.744444444444,1010.11480993,  ,  ,2.483217792,7.19376768,71.1,0.0,  ,  ,0.0,  ,  
2019-01-18 18:20:00,4.03703703704,-0.759259259259,1010.04625751,  ,  ,3.5584384,8.99623296,71.0,0.0,  ,  ,0.0,  ,  
2019-01-18 18:25:00,4.1,-0.727777777778,1010.18076988,  ,  ,3.096377856,8.99623296,71.0,0.0,  ,  ,0.0,  ,  
2019-01-18 18:30:00,4.0,-0.727777777778,1010.11603768,  ,  ,3.994391808,11.15275392,71.3,0.0,  ,  ,0.0,  ,  
2019-01-18 18:35:00,4.0,-0.703703703704,1010.12363946,  ,  ,3.59956608,14.75768448,71.4444444444,0.0,  ,  ,0.0,  ,  
2019-01-18 18:40:00,4.0,-0.711111111111,1010.04762167,  ,  ,4.068421632,11.15275392,71.4,0.0,  ,  ,0.0,  ,  
2019-01-18 18:45:00,3.98888888889,-0.622222222222,1009.97961525,  ,  ,3.635508096,8.99623296,72.0,0.0,  ,  ,0.0,  ,  
2019-01-18 18:50:00,3.88888888889,-0.722222222222,1009.97569939,  ,  ,3.56022656,11.15275392,72.0,0.0,  ,  ,0.0,  ,  
2019-01-18 18:55:00,3.88888888889,-0.722222222222,1009.88067676,  ,  ,4.894015104,14.75768448,72.0,0.0,  ,  ,0.0,  ,  
2019-01-18 19:00:00,3.87777777778,-0.727777777778,1009.71004582,  ,  ,4.461101568,12.9552192,72.0,0.0,  ,  ,0.0,  ,  
2019-01-18 19:05:00,3.82716049383,-0.753086419753,1009.71191256,  ,  ,4.87988864,14.75768448,72.0,0.0,  ,  ,0.0,  ,  
2019-01-18 19:10:00,3.8,-0.683333333333,1009.78133079,  ,  ,2.986942464,8.99623296,72.5,0.0,  ,  ,0.0,  ,  
2019-01-18 19:15:00,3.77777777778,-0.744444444444,1009.8505669,  ,  ,4.931030016,12.9552192,72.2,0.0,  ,  ,0.0,  ,  
2019-01-18 19:20:00,3.75925925926,-0.648148148148,1009.90446323,  ,  ,1.59861504,5.40739584,73.0,0.0,  ,  ,0.0,  ,  
2019-01-18 19:25:00,3.72222222222,-0.722222222222,1009.81840893,  ,  ,2.806695936,11.15275392,73.0,0.0,  ,  ,0.0,  ,  
2019-01-18 19:30:00,3.72222222222,-0.722222222222,1009.85261728,  ,  ,3.094768512,11.15275392,73.0,0.0,  ,  ,0.0,  ,  
2019-01-18 19:35:00,3.72222222222,-0.722222222222,1009.79180243,  ,  ,2.07605376,7.19376768,73.0,0.0,  ,  ,0.0,  ,  
2019-01-18 19:40:00,3.72222222222,-0.722222222222,1009.74999222,  ,  ,2.195145216,8.99623296,73.0,0.0,  ,  ,0.0,  ,  
2019-01-18 19:45:00,3.72222222222,-0.788888888889,1009.71578387,  ,  ,3.310420608,12.9552192,72.6,0.0,  ,  ,0.0,  ,  
2019-01-18 19:50:00,3.72222222222,-0.87037037037,1009.82981171,  ,  ,3.71758464,8.99623296,72.1111111111,0.0,  ,  ,0.0,  ,  
2019-01-18 19:55:00,3.72222222222,-0.772222222222,1009.81840893,  ,  ,4.4659296,16.56014976,72.7,0.0,  ,  ,0.0,  ,  
2019-01-18 20:00:00,3.67777777778,-0.744444444444,1009.71742494,  ,  ,2.557247616,11.15275392,73.0,0.0,  ,  ,0.0,  ,  
2019-01-18 20:05:00,3.57407407407,-0.814814814815,1009.56921717,  ,  ,1.91690752,7.19376768,73.0,0.0,  ,  ,0.0,  ,  
2019-01-18 20:10:00,3.5,-0.805555555556,1009.72399255,  ,  ,4.033016064,18.36261504,73.5,0.0,  ,  ,0.0,  ,  
2019-01-18 20:15:00,3.45555555556,-0.777777777778,1009.72563628,  ,  ,2.661854976,8.99623296,73.8,0.0,  ,  ,0.0,  ,  
2019-01-18 20:20:00,3.38888888889,-0.777777777778,1009.72810186,  ,  ,4.35953408,11.15275392,74.0,0.0,  ,  ,0.0,  ,  
2019-01-18 20:25:00,3.34444444444,-0.805555555556,1009.72974692,  ,  ,6.337596672,16.56014976,74.1,0.0,  ,  ,0.0,  ,  
2019-01-18 20:30:00,3.34444444444,-0.738888888889,1009.52449402,  ,  ,3.526072704,11.15275392,74.5,0.0,  ,  ,0.0,  ,  
2019-01-18 20:35:00,3.27777777778,-0.722222222222,1009.39012541,  ,  ,4.462710912,11.15275392,75.0,0.0,  ,  ,0.0,  ,  
2019-01-18 20:40:00,3.27777777778,-0.722222222222,1009.6561947,  ,  ,4.24330368,7.19376768,75.0,0.0,  ,  ,0.0,  ,  
2019-01-18 20:45:00,3.26666666667,-0.733333333333,1009.59579037,  ,  ,4.1038272,14.75768448,75.0,0.0,  ,  ,0.0,  ,  
2019-01-18 20:50:00,3.23333333333,-0.7,1009.52860668,  ,  ,3.707928576,12.9552192,75.4,0.0,  ,  ,0.0,  ,  
2019-01-18 20:55:00,3.24691358025,-0.753086419753,1009.58131776,  ,  ,5.27864832,12.9552192,75.0,0.0,  ,  ,0.0,  ,  
2019-01-18 21:00:00,3.23333333333,-0.716666666667,1009.46018872,  ,  ,5.148291456,14.75768448,75.3,0.0,  ,  ,0.0,  ,  
2019-01-18 21:05:00,3.25555555556,-0.672222222222,1009.39094823,  ,  ,4.4659296,12.9552192,75.4,0.0,  ,  ,0.0,  ,  
2019-01-18 21:10:00,3.22222222222,-0.611111111111,1009.39218228,  ,  ,5.40203136,12.9552192,76.0,0.0,  ,  ,0.0,  ,  
2019-01-18 21:15:00,3.08888888889,-0.711111111111,1009.32870451,  ,  ,3.638726784,8.99623296,76.1,0.0,  ,  ,0.0,  ,  
2019-01-18 21:20:00,2.94444444444,-0.666666666667,1009.33406071,  ,  ,2.447812224,7.19376768,77.0,0.0,  ,  ,0.0,  ,  
2019-01-18 21:25:00,2.87654320988,-0.728395061728,1009.40499941,  ,  ,2.91827712,7.19376768,77.0,0.0,  ,  ,0.0,  ,  
2019-01-18 21:30:00,2.77777777778,-0.777777777778,1009.34024809,  ,  ,3.600102528,12.9552192,77.0,0.0,  ,  ,0.0,  ,  
2019-01-18 21:35:00,2.77777777778,-0.777777777778,1009.34024809,  ,  ,3.88656576,11.15275392,77.0,0.0,  ,  ,0.0,  ,  
2019-01-18 21:40:00,2.72222222222,-0.851851851852,1009.41073153,  ,  ,3.00232064,8.99623296,77.2222222222,0.0,  ,  ,0.0,  ,  
2019-01-18 21:45:00,2.62222222222,-0.772222222222,1009.3460303,  ,  ,3.24282816,8.99623296,78.0,0.0,  ,  ,0.0,  ,  
2019-01-18 21:50:00,2.61111111111,-0.8,1009.20960429,  ,  ,3.276624384,8.99623296,77.9,0.0,  ,  ,0.0,  ,  
2019-01-18 21:55:00,2.64814814815,-0.759259259259,1009.33746403,  ,  ,3.3170368,8.99623296,78.0,0.0,  ,  ,0.0,  ,  
2019-01-18 22:00:00,2.61111111111,-0.777777777778,1009.17539454,  ,  ,2.626449408,8.99623296,78.0,0.0,  ,  ,0.0,  ,  
2019-01-18 22:05:00,2.61111111111,-0.777777777778,1009.20960429,  ,  ,3.096377856,7.19376768,78.0,0.0,  ,  ,0.0,  ,  
2019-01-18 22:10:00,2.5987654321,-0.79012345679,1009.33930051,  ,  ,3.23835776,11.15275392,78.0,0.0,  ,  ,0.0,  ,  
2019-01-18 22:15:00,2.61111111111,-0.777777777778,1009.17539454,  ,  ,3.273405696,11.15275392,78.0,0.0,  ,  ,0.0,  ,  
2019-01-18 22:20:00,2.61111111111,-0.777777777778,1009.20960429,  ,  ,3.960595584,11.15275392,78.0,0.0,  ,  ,0.0,  ,  
2019-01-18 22:25:00,2.62345679012,-0.771604938272,1009.14832809,  ,  ,2.96119296,8.99623296,78.0,0.0,  ,  ,0.0,  ,  
2019-01-18 22:30:00,2.72777777778,-0.794444444444,1009.13684824,  ,  ,3.778739712,11.15275392,77.5,0.0,  ,  ,0.0,  ,  
2019-01-18 22:35:00,2.77777777778,-0.777777777778,1009.0665718,  ,  ,3.707928576,11.15275392,77.0,0.0,  ,  ,0.0,  ,  
2019-01-18 22:40:00,2.77777777778,-0.777777777778,1009.29463538,  ,  ,2.80025856,7.19376768,77.0,0.0,  ,  ,0.0,  ,  
2019-01-18 22:45:00,2.76666666667,-0.777777777778,1009.13540361,  ,  ,3.241218816,7.19376768,77.2,0.0,  ,  ,0.0,  ,  
2019-01-18 22:50:00,2.73888888889,-0.855555555556,1009.06801636,  ,  ,3.923580672,8.99623296,77.0,0.0,  ,  ,0.0,  ,  
2019-01-18 22:55:00,2.77777777778,-0.777777777778,1009.0665718,  ,  ,3.83917952,8.99623296,77.0,0.0,  ,  ,0.0,  ,  
2019-01-18 23:00:00,2.88888888889,-0.722222222222,1008.89139999,  ,  ,4.102217856,11.15275392,77.0,0.0,  ,  ,0.0,  ,  
2019-01-18 23:05:00,2.83333333333,-0.75,1009.06450939,  ,  ,3.456870912,8.99623296,77.0,0.0,  ,  ,0.0,  ,  
2019-01-18 23:10:00,2.77777777778,-0.75,1008.99815272,  ,  ,2.412406656,7.19376768,77.5,0.0,  ,  ,0.0,  ,  
2019-01-18 23:15:00,2.77777777778,-0.722222222222,1008.99055061,  ,  ,2.87714944,11.15275392,78.0,0.0,  ,  ,0.0,  ,  
2019-01-18 23:20:00,2.77777777778,-0.722222222222,1008.99815272,  ,  ,2.700479232,11.15275392,78.0,0.0,  ,  ,0.0,  ,  
2019-01-18 23:25:00,2.77777777778,-0.722222222222,1008.92973365,  ,  ,2.125943424,12.9552192,78.0,0.0,  ,  ,0.0,  ,  
2019-01-18 23:30:00,2.86419753086,-0.635802469136,1008.98734241,  ,  ,3.47975936,8.99623296,78.0,0.0,  ,  ,0.0,  ,  
2019-01-18 23:35:00,2.91111111111,-0.588888888889,1008.99320388,  ,  ,3.165579648,11.15275392,78.0,0.0,  ,  ,0.0,  ,  
2019-01-18 23:40:00,3.02222222222,-0.488888888889,1008.78382807,  ,  ,4.464320256,11.15275392,77.9,0.0,  ,  ,0.0,  ,  
2019-01-18 23:45:00,3.11111111111,-0.438271604938,1008.97818706,  ,  ,3.24014592,7.19376768,77.5555555556,0.0,  ,  ,0.0,  ,  
2019-01-18 23:50:00,3.11111111111,-0.4,1008.98578909,  ,  ,2.806695936,11.15275392,77.9,0.0,  ,  ,0.0,  ,  
  

    

